[
  {
    "id": "PAX-100",
    "name": "Quinn Taylor",
    "email": "quinn.taylor.pax-100@email.com",
    "riskScore": 0,
    "churnDriver": "Service Failure",
    "ltv": 9928,
    "tier": "Bronze",
    "commChannel": "WhatsApp",
    "lastFlight": "2025-11-26",
    "totalFlights": 19,
    "milesBalance": 15751,
    "sentimentScore": 90,
    "openTickets": 0,
    "timeline": [
      {
        "date": "2025-11-26",
        "event": "Service issue - Request not fulfilled",
        "type": "neg"
      },
      {
        "date": "2025-11-01",
        "event": "Complaint escalated",
        "type": "neg"
      }
    ],
    "llmInsight": "The very high complaint frequency change (4.00) and service issues score (1) indicate significant dissatisfaction with service, driving the churn risk.",
    "topFeatures": [
      "Service issues",
      "Complaint frequency change",
      "Fare downgrade trend"
    ]
  },
  {
    "id": "PAX-101",
    "name": "Phoenix Lee",
    "email": "phoenix.lee.pax-101@email.com",
    "riskScore": 62,
    "churnDriver": "Service Failure",
    "ltv": 19049,
    "tier": "Silver",
    "commChannel": "Email",
    "lastFlight": "2025-11-09",
    "totalFlights": 64,
    "milesBalance": 76672,
    "sentimentScore": 26,
    "openTickets": 2,
    "timeline": [
      {
        "date": "2025-10-30",
        "event": "Lounge access denied",
        "type": "neg"
      },
      {
        "date": "2025-10-15",
        "event": "Complaint escalated",
        "type": "neg"
      }
    ],
    "llmInsight": "The passenger has experienced significant issues related to service, as indicated by a high complaint frequency change (1.99) and lounge access issues (2), suggesting dissatisfaction with the airline's service offerings.",
    "topFeatures": [
      "complaint frequency change",
      "lounge access issues",
      "ancillary spend drop"
    ]
  },
  {
    "id": "PAX-102",
    "name": "Reese Garcia",
    "email": "reese.garcia.pax-102@email.com",
    "riskScore": 99,
    "churnDriver": "Loyalty Neglect",
    "ltv": 47123,
    "tier": "Gold",
    "commChannel": "Email",
    "lastFlight": "2025-11-11",
    "totalFlights": 128,
    "milesBalance": 175232,
    "sentimentScore": 10,
    "openTickets": 5,
    "timeline": [
      {
        "date": "2025-11-11",
        "event": "Regular flight - No issues",
        "type": "neu"
      },
      {
        "date": "2025-11-06",
        "event": "Miles expiration notice",
        "type": "neg"
      },
      {
        "date": "2025-10-07",
        "event": "Competitor offer received",
        "type": "neg"
      }
    ],
    "llmInsight": "The passenger exhibits a significant loyalty inactivity of 43 days, indicating a lack of engagement, along with a high score in lounge access issues, which suggests dissatisfaction with the perceived value of loyalty benefits.",
    "topFeatures": [
      "Loyalty inactivity days",
      "Lounge access issues",
      "Email engagement drop"
    ]
  }
]