[
  {
    "id": "PAX-001",
    "name": "Elena Rodriguez",
    "email": "elena.r@email.com",
    "riskScore": 87,
    "churnDriver": "Frequent Delays",
    "ltv": 45000,
    "tier": "Platinum",
    "commChannel": "WhatsApp",
    "lastFlight": "2024-11-15",
    "totalFlights": 156,
    "milesBalance": 234500,
    "sentimentScore": 32,
    "openTickets": 2,
    "timeline": [
      {
        "date": "2024-11-15",
        "event": "Flight delayed 4 hours - LHR to JFK",
        "type": "neg"
      },
      {
        "date": "2024-11-10",
        "event": "Baggage lost - Filed complaint",
        "type": "neg"
      },
      {
        "date": "2024-10-28",
        "event": "Upgraded to Business Class",
        "type": "pos"
      },
      {
        "date": "2024-10-15",
        "event": "Flight cancelled - Rebooked next day",
        "type": "neg"
      },
      {
        "date": "2024-09-20",
        "event": "Completed survey - Low satisfaction",
        "type": "neg"
      },
      {
        "date": "2024-08-05",
        "event": "Redeemed miles for lounge access",
        "type": "pos"
      }
    ]
  },
  {
    "id": "PAX-002",
    "name": "Marcus Chen",
    "email": "m.chen@techcorp.com",
    "riskScore": 72,
    "churnDriver": "Loyalty Neglect",
    "ltv": 38000,
    "tier": "Gold",
    "commChannel": "Email",
    "lastFlight": "2024-11-20",
    "totalFlights": 89,
    "milesBalance": 156000,
    "sentimentScore": 45,
    "openTickets": 1,
    "timeline": [
      {
        "date": "2024-11-20",
        "event": "Regular flight - No issues",
        "type": "neu"
      },
      {
        "date": "2024-11-01",
        "event": "Status downgrade warning sent",
        "type": "neg"
      },
      {
        "date": "2024-10-15",
        "event": "Competitor offer received",
        "type": "neg"
      },
      {
        "date": "2024-09-30",
        "event": "Miles expiration notice",
        "type": "neg"
      },
      {
        "date": "2024-08-12",
        "event": "Positive feedback on crew",
        "type": "pos"
      }
    ]
  },
  {
    "id": "PAX-003",
    "name": "James Okonkwo",
    "email": "j.okonkwo@finance.com",
    "riskScore": 91,
    "churnDriver": "Service Failure",
    "ltv": 62000,
    "tier": "Platinum",
    "commChannel": "WhatsApp",
    "lastFlight": "2024-11-12",
    "totalFlights": 203,
    "milesBalance": 445000,
    "sentimentScore": 18,
    "openTickets": 4,
    "timeline": [
      {
        "date": "2024-11-12",
        "event": "VIP lounge access denied - System error",
        "type": "neg"
      },
      {
        "date": "2024-11-08",
        "event": "Seat preference ignored - 3rd time",
        "type": "neg"
      },
      {
        "date": "2024-11-01",
        "event": "Complaint escalated to management",
        "type": "neg"
      },
      {
        "date": "2024-10-25",
        "event": "Meal preference not available",
        "type": "neg"
      },
      {
        "date": "2024-10-10",
        "event": "Positive experience with ground staff",
        "type": "pos"
      }
    ]
  },
  {
    "id": "PAX-005",
    "name": "Anna Kowalski",
    "email": "anna.k@media.eu",
    "riskScore": 54,
    "churnDriver": "Inactivity",
    "ltv": 19000,
    "tier": "Silver",
    "commChannel": "Email",
    "lastFlight": "2024-08-22",
    "totalFlights": 32,
    "milesBalance": 34000,
    "sentimentScore": 62,
    "openTickets": 0,
    "timeline": [
      {
        "date": "2024-08-22",
        "event": "Last flight - 3 months ago",
        "type": "neu"
      },
      {
        "date": "2024-08-15",
        "event": "Ignored promotional email",
        "type": "neg"
      },
      {
        "date": "2024-07-01",
        "event": "App uninstalled",
        "type": "neg"
      },
      {
        "date": "2024-06-15",
        "event": "Completed satisfaction survey - Neutral",
        "type": "neu"
      }
    ]
  },
  {
    "id": "PAX-006",
    "name": "David Park",
    "email": "d.park@startup.co",
    "riskScore": 78,
    "churnDriver": "Route Changes",
    "ltv": 31000,
    "tier": "Gold",
    "commChannel": "App",
    "lastFlight": "2024-11-19",
    "totalFlights": 67,
    "milesBalance": 98000,
    "sentimentScore": 41,
    "openTickets": 1,
    "timeline": [
      {
        "date": "2024-11-19",
        "event": "Preferred route discontinued",
        "type": "neg"
      },
      {
        "date": "2024-11-10",
        "event": "Had to connect vs direct flight",
        "type": "neg"
      },
      {
        "date": "2024-11-01",
        "event": "Searched alternative airlines",
        "type": "neg"
      },
      {
        "date": "2024-10-20",
        "event": "Used miles for seat upgrade",
        "type": "pos"
      }
    ]
  }
]