{
  "offers": [
    {
      "id": "OFF-001",
      "title": "Priority Lounge Access - 6 Months",
      "description": "Unlimited access to premium airport lounges worldwide for six months. Includes complimentary refreshments, high-speed WiFi, shower facilities, and quiet workspaces.",
      "category": "Experience",
      "value": 1200,
      "icon": "Crown",
      "status": "active",
      "created_at": "2024-09-15",
      "usage_count": 234,
      "success_rate": 78
    },
    {
      "id": "OFF-002",
      "title": "Double Miles Accelerator",
      "description": "Earn 2x miles on every flight for the next 90 days. Applies to both base miles and bonus categories.",
      "category": "Miles",
      "value": 800,
      "icon": "Plane",
      "status": "active",
      "created_at": "2024-08-20",
      "usage_count": 567,
      "success_rate": 82
    },
    {
      "id": "OFF-003",
      "title": "Complimentary Business Class Upgrade",
      "description": "Free upgrade to Business Class on your next two international flights. Subject to availability at time of check-in.",
      "category": "Upgrade",
      "value": 2500,
      "icon": "ArrowUpCircle",
      "status": "active",
      "created_at": "2024-10-01",
      "usage_count": 189,
      "success_rate": 91
    },
    {
      "id": "OFF-004",
      "title": "Instant Loyalty Bonus - 25K Miles",
      "description": "Receive 25,000 bonus miles credited to your account immediately. No strings attached, miles never expire.",
      "category": "Miles",
      "value": 500,
      "icon": "Gift",
      "status": "active",
      "created_at": "2024-07-10",
      "usage_count": 892,
      "success_rate": 71
    },
    {
      "id": "OFF-005",
      "title": "110% Price Match Guarantee",
      "description": "Find a lower fare? We'll match it and give you an additional 10% discount. Valid for bookings made within 24 hours.",
      "category": "Discount",
      "value": 0,
      "icon": "Shield",
      "status": "active",
      "created_at": "2024-11-01",
      "usage_count": 45,
      "success_rate": 68
    },
    {
      "id": "OFF-006",
      "title": "Premium Seat Selection Package",
      "description": "Free premium seat selection with extra legroom for your next five flights. Choose your preferred seat at no extra cost.",
      "category": "Experience",
      "value": 350,
      "icon": "Armchair",
      "status": "active",
      "created_at": "2024-09-01",
      "usage_count": 412,
      "success_rate": 74
    },
    {
      "id": "OFF-007",
      "title": "Family Miles Pool",
      "description": "Transfer up to 50,000 miles to family members at no cost. Combine miles for family vacations or gift them to loved ones.",
      "category": "Miles",
      "value": 200,
      "icon": "Users",
      "status": "active",
      "created_at": "2024-06-15",
      "usage_count": 156,
      "success_rate": 65
    },
    {
      "id": "OFF-008",
      "title": "Elite Status Extension",
      "description": "Extend your current elite status for an additional 12 months regardless of qualifying activities.",
      "category": "Loyalty",
      "value": 1500,
      "icon": "Star",
      "status": "active",
      "created_at": "2024-08-10",
      "usage_count": 298,
      "success_rate": 88
    },
    {
      "id": "OFF-009",
      "title": "30% Off Next 3 Flights",
      "description": "Save 30% on your next three domestic or international flights. Book anytime within the next 90 days.",
      "category": "Discount",
      "value": 1800,
      "icon": "Gift",
      "status": "active",
      "created_at": "2024-10-15",
      "usage_count": 523,
      "success_rate": 79
    },
    {
      "id": "OFF-010",
      "title": "Priority Check-in & Boarding",
      "description": "Skip the lines with priority check-in, security fast-track, and priority boarding for 12 months.",
      "category": "Experience",
      "value": 600,
      "icon": "Zap",
      "status": "active",
      "created_at": "2024-07-25",
      "usage_count": 387,
      "success_rate": 83
    },
    {
      "id": "OFF-011",
      "title": "Companion Ticket - 50% Off",
      "description": "Bring a companion on your next flight at 50% off. Valid for one round-trip booking on any route.",
      "category": "Discount",
      "value": 900,
      "icon": "Users",
      "status": "active",
      "created_at": "2024-09-20",
      "usage_count": 267,
      "success_rate": 76
    },
    {
      "id": "OFF-012",
      "title": "Triple Miles Weekend",
      "description": "Earn 3x miles on all weekend flights for the next 60 days. Perfect for spontaneous getaways.",
      "category": "Miles",
      "value": 450,
      "icon": "Sparkles",
      "status": "active",
      "created_at": "2024-10-05",
      "usage_count": 198,
      "success_rate": 72
    },
    {
      "id": "OFF-013",
      "title": "Flexible Date Change",
      "description": "Change your flight dates up to 3 times at no additional cost. Valid for bookings made in the next 6 months.",
      "category": "Experience",
      "value": 300,
      "icon": "Shield",
      "status": "active",
      "created_at": "2024-08-30",
      "usage_count": 445,
      "success_rate": 81
    },
    {
      "id": "OFF-014",
      "title": "Baggage Allowance Boost",
      "description": "Add an extra 2 checked bags on all flights for free for the next 12 months. Perfect for frequent travelers.",
      "category": "Experience",
      "value": 400,
      "icon": "Gift",
      "status": "active",
      "created_at": "2024-07-18",
      "usage_count": 334,
      "success_rate": 77
    },
    {
      "id": "OFF-015",
      "title": "Miles Reactivation",
      "description": "Reactivate up to 30,000 expired miles at no cost. Get your miles back and start redeeming immediately.",
      "category": "Miles",
      "value": 350,
      "icon": "Plane",
      "status": "active",
      "created_at": "2024-09-08",
      "usage_count": 289,
      "success_rate": 69
    },
    {
      "id": "OFF-016",
      "title": "VIP Meet & Greet Service",
      "description": "Personal assistance at the airport including expedited security, lounge escort, and boarding assistance.",
      "category": "Experience",
      "value": 800,
      "icon": "Crown",
      "status": "active",
      "created_at": "2024-10-20",
      "usage_count": 124,
      "success_rate": 85
    },
    {
      "id": "OFF-017",
      "title": "Wi-Fi Pass - 6 Months Unlimited",
      "description": "Unlimited in-flight WiFi on all flights for six months. Stream, work, and stay connected at 35,000 feet.",
      "category": "Experience",
      "value": 500,
      "icon": "Sparkles",
      "status": "active",
      "created_at": "2024-08-05",
      "usage_count": 512,
      "success_rate": 80
    },
    {
      "id": "OFF-018",
      "title": "Last-Minute Booking Discount",
      "description": "Save 25% on flights booked within 48 hours of departure. Valid for the next 90 days.",
      "category": "Discount",
      "value": 650,
      "icon": "Shield",
      "status": "active",
      "created_at": "2024-09-28",
      "usage_count": 378,
      "success_rate": 73
    },
    {
      "id": "OFF-019",
      "title": "Tier Qualification Fast Track",
      "description": "Reduce tier qualification requirements by 50% for the next 12 months. Reach elite status faster.",
      "category": "Loyalty",
      "value": 1000,
      "icon": "Star",
      "status": "active",
      "created_at": "2024-10-12",
      "usage_count": 167,
      "success_rate": 87
    },
    {
      "id": "OFF-020",
      "title": "Upgrade Vouchers - Pack of 5",
      "description": "Receive 5 upgrade vouchers for cabin class upgrades. Use them anytime on eligible flights within 12 months.",
      "category": "Upgrade",
      "value": 2000,
      "icon": "ArrowUpCircle",
      "status": "active",
      "created_at": "2024-07-30",
      "usage_count": 223,
      "success_rate": 84
    }
  ]
}