[
  {
    "id": "PAX-100",
    "name": "Quinn Taylor",
    "email": "quinn.taylor.pax-100@email.com",
    "riskScore": 0,
    "churnDriver": "Service Failure",
    "ltv": 9928,
    "tier": "Bronze",
    "commChannel": "WhatsApp",
    "lastFlight": "2025-11-26",
    "totalFlights": 19,
    "milesBalance": 15751,
    "sentimentScore": 90,
    "openTickets": 0,
    "timeline": [
      {
        "date": "2025-11-26",
        "event": "Service issue - Request not fulfilled",
        "type": "neg"
      },
      {
        "date": "2025-11-01",
        "event": "Complaint escalated",
        "type": "neg"
      }
    ],
    "llmInsight": "The passenger exhibits a high frequency of service issues (1) and a significant increase in complaint frequency (4.00), indicating a critical breakdown in service that is likely impacting their overall satisfaction and increasing churn risk.",
    "topFeatures": [
      "service issues",
      "complaint frequency change",
      "fare downgrade trend"
    ]
  },
  {
    "id": "PAX-101",
    "name": "Phoenix Lee",
    "email": "phoenix.lee.pax-101@email.com",
    "riskScore": 55,
    "churnDriver": "Service Failure",
    "ltv": 19049,
    "tier": "Silver",
    "commChannel": "Email",
    "lastFlight": "2025-11-09",
    "totalFlights": 64,
    "milesBalance": 76672,
    "sentimentScore": 26,
    "openTickets": 2,
    "timeline": [
      {
        "date": "2025-10-30",
        "event": "Lounge access denied",
        "type": "neg"
      },
      {
        "date": "2025-10-15",
        "event": "Complaint escalated",
        "type": "neg"
      }
    ],
    "llmInsight": "The high lounge access issues and complaint frequency change indicate significant service failures impacting the passenger's experience, leading to an increased churn risk.",
    "topFeatures": [
      "lounge access issues",
      "complaint frequency change",
      "fare downgrade trend"
    ]
  },
  {
    "id": "PAX-102",
    "name": "Reese Garcia",
    "email": "reese.garcia.pax-102@email.com",
    "riskScore": 99,
    "churnDriver": "Loyalty Neglect",
    "ltv": 47123,
    "tier": "Gold",
    "commChannel": "Email",
    "lastFlight": "2025-11-11",
    "totalFlights": 128,
    "milesBalance": 175232,
    "sentimentScore": 10,
    "openTickets": 5,
    "timeline": [
      {
        "date": "2025-11-11",
        "event": "Regular flight - No issues",
        "type": "neu"
      },
      {
        "date": "2025-11-06",
        "event": "Miles expiration notice",
        "type": "neg"
      },
      {
        "date": "2025-10-07",
        "event": "Competitor offer received",
        "type": "neg"
      }
    ],
    "llmInsight": "The passenger exhibits a significant increase in lounge access issues and a high number of loyalty inactivity days, indicating a disengagement from loyalty benefits.",
    "topFeatures": [
      "lounge access issues",
      "loyalty inactivity days",
      "email engagement drop"
    ]
  }
]